Video_Name,Prediction,Probability
7109,0,0.01
7013,0,0.105
2203,0,0.365
7294,0,0.175
1551,0,0.18
2333,0,0.425
75,0,0.315
1336,1,0.59
1946,0,0.22
4445,0,0.005
8175,1,0.785
6059,0,0.045
997,0,0.14
7967,0,0.025
1255,0,0.265
6233,0,0.14
967,0,0.38
5020,0,0.03
3537,0,0.005
4328,0,0.11
3802,0,0.025
5304,0,0.125
3161,1,0.775
1869,0,0.2
2195,0,0.29
5533,0,0.26
7518,0,0.01
7879,0,0.005
8510,0,0.29
3181,0,0.325
4157,0,0.12
2917,1,0.78
1439,0,0.19
5486,0,0.265
4132,1,0.735
7791,1,0.735
7205,0,0.35
5293,0,0.285
6690,1,0.555
2875,0,0.02
8222,0,0.25
3269,0,0.21
7532,0,0.075
8077,0,0.245
6517,0,0.225
8347,0,0.12
5358,1,0.57
3839,0,0.37
571,1,0.91
5498,0,0.255
1251,0,0.21
7932,0,0.375
522,0,0.085
2959,0,0.25
4020,0,0.04
7180,0,0.305
7543,1,0.635
4796,0,0.075
8256,0,0.01
3572,0,0.295
861,0,0.49
4143,0,0.27
792,0,0.26
1025,0,0.225
1866,0,0.26
4784,0,0.21
2823,0,0.305
179,0,0.355
5466,0,0.07
3613,1,0.595
2741,1,0.545
8136,0,0.065
420,0,0.22
8468,0,0.15
1194,0,0.1
6661,0,0.035
8080,0,0.09
5437,0,0.165
2700,0,0.135
4639,0,0.04
6451,0,0.075
4523,0,0.195
1320,1,0.57
4950,0,0.015
7565,0,0.115
6450,0,0.025
1606,0,0.145
76,0,0.275
6460,0,0.0
4009,0,0.04
1340,0,0.005
2292,0,0.44
7269,0,0.05
3392,1,0.815
5443,0,0.385
6865,0,0.34
1956,0,0.425
2909,0,0.255
4583,0,0.0
2964,1,0.505
7291,0,0.08
1444,0,0.37
7825,0,0.16
1404,0,0.39
3164,0,0.055
3351,0,0.005
4006,0,0.225
5899,0,0.22
1828,0,0.085
1479,0,0.065
4802,0,0.065
7501,0,0.36
8211,0,0.065
7051,0,0.125
8566,0,0.21
3364,0,0.0
1281,1,0.71
8205,0,0.085
4799,1,0.81
1223,0,0.18
2589,0,0.015
6249,0,0.14
551,1,0.78
7078,0,0.15
7830,0,0.155
310,0,0.08
8541,0,0.115
2440,0,0.055
7743,0,0.13
292,0,0.085
3864,0,0.26
4981,0,0.325
3397,0,0.045
972,1,0.655
2724,0,0.13
4609,0,0.43
5076,0,0.025
6102,0,0.385
5851,0,0.0
4724,0,0.325
7348,0,0.02
4899,0,0.105
3625,0,0.405
1949,1,0.72
2981,0,0.06
7843,0,0.06
8021,1,0.81
4632,0,0.475
3120,0,0.225
7864,0,0.065
3785,0,0.02
664,0,0.065
6879,0,0.285
1645,1,0.61
3100,0,0.335
6040,0,0.27
5174,0,0.43
8123,0,0.35
6291,0,0.01
8404,0,0.065
5551,0,0.225
6001,0,0.235
8374,0,0.31
3420,1,0.685
7211,0,0.165
881,0,0.13
4169,1,0.51
2368,0,0.04
7487,0,0.2
3002,0,0.095
3192,0,0.07
746,0,0.12
935,0,0.1
5303,0,0.105
5597,0,0.085
8446,0,0.095
6374,0,0.475
1061,1,0.755
3861,0,0.195
4243,0,0.14
2713,0,0.11
4991,0,0.11
6440,0,0.065
2375,0,0.235
346,0,0.055
4262,0,0.005
318,0,0.085
4417,0,0.0
2051,1,0.675
3507,0,0.025
2103,0,0.22
7009,0,0.025
6510,0,0.135
4531,0,0.065
526,0,0.36
8127,0,0.275
7179,0,0.34
8514,0,0.345
1835,0,0.26
2399,1,0.695
3268,0,0.175
2245,1,0.755
3111,0,0.275
3049,0,0.27
691,0,0.135
4270,1,0.595
6781,0,0.25
8173,1,0.71
7441,0,0.195
4965,0,0.0
3902,0,0.325
8074,0,0.195
4446,0,0.005
4998,0,0.0
1893,0,0.35
3207,0,0.205
5997,0,0.28
2666,1,0.595
5203,1,0.865
8411,0,0.05
6576,0,0.025
7265,0,0.12
6771,0,0.34
4232,0,0.47
4760,0,0.105
2555,0,0.16
6299,0,0.15
5988,0,0.275
2367,0,0.3
5944,0,0.34
4557,0,0.27
3851,0,0.415
2324,0,0.195
5401,0,0.46
276,0,0.055
927,0,0.035
2342,0,0.27
6206,0,0.035
7271,0,0.205
8331,0,0.145
2634,1,0.68
6874,0,0.26
7550,0,0.31
5242,0,0.035
772,0,0.465
3108,0,0.145
931,0,0.055
7306,0,0.125
8134,0,0.095
1359,1,0.545
3184,0,0.21
7500,0,0.365
636,0,0.295
2995,0,0.18
7513,0,0.075
7739,0,0.15
2548,1,0.595
6812,0,0.265
8289,0,0.01
516,1,0.725
5793,0,0.06
3057,0,0.22
4532,0,0.46
5250,0,0.035
1981,0,0.0
2211,0,0.185
4013,0,0.1
7249,0,0.225
7940,0,0.03
2798,1,0.605
4229,0,0.45
4097,1,0.79
7845,0,0.43
1788,0,0.06
8278,0,0.015
679,1,0.825
400,0,0.495
6626,0,0.375
8,0,0.24
5444,1,0.56
6045,0,0.49
1699,0,0.005
5074,1,0.985
2435,0,0.03
4501,0,0.475
3076,0,0.385
7613,0,0.225
1356,0,0.08
4911,0,0.355
6600,0,0.26
8550,0,0.105
1925,0,0.055
112,0,0.23
5910,1,0.775
182,0,0.065
8288,0,0.0
590,0,0.185
1108,1,0.625
5007,0,0.1
3530,0,0.16
3332,1,0.615
1729,0,0.4
5248,0,0.085
4859,1,0.625
2341,0,0.245
3536,0,0.025
5830,0,0.01
321,0,0.11
4718,1,0.61
4292,0,0.145
8501,0,0.265
2503,0,0.4
2821,0,0.015
3274,0,0.17
5105,0,0.25
4064,1,0.6
1195,0,0.235
1229,0,0.15
2409,1,0.88
7939,0,0.23
1160,0,0.295
4332,0,0.07
4709,1,0.52
357,1,0.55
7625,0,0.015
7355,0,0.07
4971,0,0.395
6501,0,0.14
4298,0,0.14
3041,0,0.07
3674,1,0.54
945,1,0.805
5922,1,0.785
811,0,0.15
8556,0,0.05
6125,0,0.155
4759,0,0.03
5413,1,0.935
395,0,0.135
1543,0,0.14
7917,0,0.045
1805,0,0.055
7209,0,0.48
5094,1,0.545
2281,0,0.15
4416,0,0.01
3489,1,0.535
8306,0,0.0
3355,0,0.05
3152,0,0.37
5280,0,0.215
5125,0,0.025
4294,0,0.37
3772,0,0.075
6657,1,0.585
8315,0,0.005
6966,0,0.055
5122,0,0.29
6672,0,0.135
7664,0,0.01
5390,0,0.34
8132,0,0.05
1,0,0.425
3639,1,0.605
6761,0,0.215
3168,0,0.07
1276,1,0.805
2443,0,0.02
3707,1,0.69
2928,0,0.18
8203,0,0.03
5711,0,0.105
5309,0,0.06
454,0,0.105
3739,0,0.1
5956,0,0.1
1005,1,0.66
4844,0,0.33
3506,1,0.56
700,0,0.145
2335,1,0.56
4299,0,0.055
1792,0,0.115
7053,0,0.105
4289,0,0.3
1931,0,0.415
193,0,0.23
1516,1,0.925
6901,1,0.93
867,0,0.06
6861,0,0.175
5028,0,0.185
120,0,0.395
6682,0,0.415
6799,0,0.335
4856,0,0.395
1786,0,0.09
2155,0,0.46
7611,0,0.105
4326,0,0.28
6025,0,0.305
922,0,0.145
7644,0,0.145
3791,0,0.36
6542,0,0.14
6949,0,0.12
2237,0,0.175
7240,0,0.08
4726,0,0.46
3588,0,0.035
6968,0,0.075
3854,0,0.09
5881,0,0.025
3301,0,0.325
472,0,0.385
6424,0,0.17
5802,0,0.125
6650,0,0.29
4840,0,0.01
188,0,0.185
8150,1,0.58
6857,0,0.285
490,0,0.215
4578,0,0.105
7385,0,0.055
5723,0,0.015
6390,0,0.19
7486,0,0.005
7780,1,0.695
2456,0,0.245
2290,0,0.115
5173,0,0.035
5873,0,0.29
8094,0,0.075
7624,0,0.3
5429,0,0.41
288,0,0.235
6643,1,0.66
1911,0,0.24
5980,0,0.2
3695,0,0.185
3968,1,0.55
5525,0,0.08
1155,0,0.005
6043,0,0.14
1827,0,0.21
3971,1,0.69
1556,1,0.84
925,0,0.055
1221,0,0.115
1678,0,0.15
4985,0,0.195
2628,0,0.115
3127,0,0.125
1093,0,0.175
6434,0,0.035
4034,1,0.515
1508,1,0.9
5241,0,0.22
3888,0,0.145
7840,0,0.085
2705,0,0.06
4248,0,0.245
1532,0,0.4
6491,0,0.195
6512,0,0.355
7983,0,0.365
3890,0,0.355
8112,0,0.195
4717,0,0.22
2772,1,0.67
8388,0,0.24
7414,0,0.07
2071,0,0.015
2056,0,0.06
5878,0,0.175
2951,1,0.51
4743,0,0.415
4371,0,0.23
1447,0,0.075
5937,1,0.815
2151,0,0.475
2191,0,0.195
4214,0,0.095
534,1,0.565
2542,0,0.43
5891,0,0.235
2176,0,0.2
639,1,0.755
4972,0,0.095
3183,0,0.26
4582,0,0.19
4549,0,0.275
6252,0,0.37
1533,0,0.125
4739,0,0.295
2643,0,0.06
5755,0,0.2
1004,0,0.135
6445,0,0.085
7808,0,0.035
4455,0,0.0
5387,1,0.88
3926,0,0.145
8492,0,0.26
988,0,0.15
235,0,0.385
4068,1,0.775
4042,1,0.525
6557,0,0.045
4770,0,0.335
8301,0,0.025
8099,0,0.105
5705,0,0.46
3766,0,0.11
729,0,0.47
2644,0,0.095
8481,0,0.225
4357,0,0.08
747,0,0.21
7151,0,0.155
1523,0,0.19
511,0,0.42
149,0,0.17
4938,0,0.35
7413,0,0.09
7171,0,0.155
5620,0,0.0
2178,0,0.145
7916,0,0.045
7617,0,0.255
8435,0,0.195
7767,0,0.325
5786,0,0.025
4568,0,0.335
7560,0,0.015
2989,0,0.445
2482,0,0.16
4894,0,0.225
7214,0,0.07
6866,0,0.14
1894,0,0.225
8016,1,0.59
2877,0,0.4
7111,0,0.01
933,0,0.04
8049,0,0.245
4453,0,0.275
2866,1,0.895
2767,0,0.445
4348,0,0.12
4349,0,0.175
917,0,0.19
7733,0,0.18
475,0,0.47
5821,0,0.15
2878,0,0.055
2388,0,0.16
2881,0,0.5
5068,1,0.97
132,0,0.1
7274,0,0.4
1884,0,0.13
1077,0,0.245
175,1,0.6
2688,0,0.15
5507,0,0.045
5758,0,0.165
7922,0,0.08
3698,0,0.155
804,0,0.15
6932,0,0.135
7642,0,0.29
3740,0,0.16
6971,0,0.155
6314,0,0.035
283,0,0.055
5671,0,0.145
8200,0,0.475
8557,0,0.065
3514,0,0.315
1257,0,0.36
7396,0,0.125
4608,1,0.95
3195,0,0.405
6042,0,0.37
7811,0,0.03
1346,0,0.025
2328,0,0.215
2407,0,0.255
957,1,0.63
8451,0,0.14
5098,1,0.53
1497,0,0.21
3165,1,0.695
6028,0,0.135
5377,0,0.0
2828,0,0.345
4963,0,0.035
7950,0,0.11
6719,0,0.05
3944,0,0.22
2938,0,0.01
7107,0,0.02
4194,0,0.15
7106,0,0.0
5659,0,0.35
7747,0,0.07
570,0,0.285
4200,1,0.715
1143,1,0.51
3487,1,0.83
4556,0,0.06
6589,0,0.0
7160,0,0.215
6967,0,0.18
6631,1,0.605
5885,0,0.37
3684,0,0.03
1666,0,0.475
1398,1,0.555
6656,0,0.315
8181,0,0.28
6000,0,0.21
6086,0,0.5
584,0,0.04
5232,0,0.385
8105,0,0.22
3648,0,0.05
643,1,0.72
6559,0,0.1
6348,0,0.09
1406,0,0.09
4750,0,0.365
2489,0,0.055
4395,0,0.135
6724,0,0.095
2314,0,0.05
436,0,0.21
4882,0,0.025
8108,0,0.175
5540,0,0.0
7164,1,0.585
5168,0,0.37
286,0,0.015
3927,0,0.125
7677,0,0.125
5404,0,0.12
8304,0,0.01
5673,0,0.12
2844,0,0.235
2949,0,0.06
2747,0,0.33
311,1,0.55
2859,1,0.825
2748,0,0.185
3999,0,0.07
6917,0,0.045
6797,0,0.105
1544,0,0.105
3374,0,0.42
2554,0,0.06
8103,0,0.335
6115,0,0.27
1349,0,0.235
7549,0,0.125
7554,0,0.145
8456,0,0.02
3873,0,0.165
6350,0,0.205
8090,0,0.415
4601,0,0.11
1463,0,0.43
11,0,0.03
8477,0,0.29
1709,0,0.155
7839,0,0.015
784,0,0.19
1648,0,0.335
7153,0,0.18
7125,0,0.21
4521,0,0.0
5555,0,0.04
6937,0,0.34
4361,0,0.43
4510,0,0.04
5895,0,0.33
4005,0,0.055
5773,0,0.235
5858,0,0.035
4056,0,0.13
1642,0,0.21
1854,0,0.095
2861,1,0.96
5835,0,0.005
253,0,0.25
6270,1,0.55
4828,1,0.59
142,0,0.145
5320,0,0.37
1345,0,0.14
5160,0,0.125
2808,1,0.62
6979,0,0.07
6731,0,0.0
823,0,0.1
7836,0,0.035
5145,0,0.065
7238,0,0.025
8452,0,0.115
40,0,0.355
7745,0,0.005
1608,0,0.195
355,0,0.23
6991,0,0.27
7224,0,0.085
8087,0,0.075
4714,1,0.665
7908,0,0.055
4744,1,0.78
2445,0,0.025
6720,0,0.12
6158,0,0.025
1852,0,0.115
7435,0,0.055
2639,0,0.37
7973,0,0.21
7600,0,0.005
3760,0,0.295
4958,0,0.325
7163,0,0.34
5867,0,0.085
1750,0,0.175
3495,1,0.735
3092,0,0.44
781,0,0.135
6947,0,0.2
1032,0,0.1
8329,1,0.565
7116,0,0.025
6762,0,0.09
3103,0,0.375
1291,1,0.535
1377,0,0.125
1553,0,0.38
3187,1,0.585
8072,0,0.025
1842,0,0.295
5051,0,0.255
8424,0,0.075
7594,0,0.27
2758,1,0.51
5198,0,0.1
6590,0,0.035
1919,0,0.225
2252,0,0.03
4967,0,0.025
8058,0,0.095
4753,0,0.035
1133,0,0.04
8381,0,0.07
1114,1,0.51
4160,0,0.19
3427,0,0.13
3661,0,0.255
1086,0,0.085
6760,0,0.045
3000,1,0.795
5091,0,0.385
5542,0,0.235
6408,0,0.015
7363,0,0.115
2573,0,0.285
2192,0,0.345
4642,0,0.11
2235,0,0.025
5483,0,0.03
1977,0,0.0
6834,0,0.325
3563,0,0.1
8159,0,0.085
8351,0,0.3
463,0,0.05
1384,0,0.335
2855,1,0.965
2231,0,0.07
6239,0,0.25
1391,0,0.365
4649,0,0.135
4442,0,0.0
8039,0,0.015
4877,0,0.065
2327,0,0.13
4302,1,0.505
5897,0,0.05
3878,0,0.1
7844,0,0.27
2653,1,0.51
3312,0,0.14
2813,0,0.27
7785,1,0.535
840,1,0.535
5761,0,0.29
2834,1,0.575
1646,1,0.57
3882,0,0.195
4288,0,0.18
8279,0,0.015
1933,0,0.475
385,0,0.42
5646,0,0.18
5079,1,0.86
4658,0,0.27
6237,0,0.26
465,0,0.03
8568,0,0.045
5438,0,0.035
7974,0,0.155
4237,0,0.29
1505,1,0.935
5815,0,0.075
6337,0,0.435
7738,0,0.3
1890,0,0.405
3919,0,0.18
7471,0,0.395
6285,0,0.245
1478,0,0.145
483,0,0.1
2389,0,0.145
2585,0,0.165
6032,0,0.22
7258,0,0.065
2232,0,0.33
3244,0,0.07
3439,0,0.465
3812,0,0.01
8046,0,0.065
5059,0,0.0
8185,0,0.06
1300,0,0.315
6836,0,0.02
2701,0,0.105
8515,0,0.095
7907,0,0.125
232,0,0.43
2052,0,0.02
3066,0,0.075
3237,0,0.175
7332,0,0.035
5195,0,0.065
2366,0,0.49
4339,0,0.085
3992,0,0.12
4849,0,0.295
91,0,0.465
8284,0,0.0
4057,1,0.76
7577,0,0.105
2228,0,0.215
4285,0,0.31
7912,0,0.075
4277,0,0.285
7538,0,0.205
2690,0,0.055
6575,0,0.04
347,1,0.64
89,0,0.365
2566,0,0.305
6977,1,0.64
447,0,0.385
2839,0,0.19
3417,0,0.325
5412,0,0.47
1909,0,0.25
2393,0,0.045
7065,0,0.055
6292,0,0.03
8043,0,0.01
3993,0,0.08
5490,0,0.06
6296,0,0.11
3970,0,0.055
337,0,0.32
627,0,0.195
8274,0,0.0
7056,0,0.09
6178,0,0.075
8397,0,0.085
234,0,0.38
5410,1,0.76
4954,0,0.085
3862,0,0.49
4491,0,0.045
6689,1,0.61
3943,1,0.535
4083,0,0.435
3003,1,0.9
4483,0,0.405
6574,0,0.265
6354,0,0.02
3692,0,0.035
1458,1,0.525
4779,0,0.08
3564,0,0.315
7076,0,0.125
7048,0,0.065
6651,0,0.055
6695,0,0.375
7021,0,0.005
8206,0,0.08
1092,0,0.365
4061,1,0.57
5734,0,0.08
4767,0,0.04
1501,1,0.945
7568,0,0.04
5829,0,0.285
2562,0,0.005
98,0,0.305
3193,0,0.04
5169,0,0.295
6020,0,0.085
6061,1,0.62
4747,0,0.375
1604,0,0.19
444,0,0.18
831,0,0.33
4440,0,0.01
2230,0,0.08
8417,0,0.21
1015,0,0.195
4290,0,0.415
1494,0,0.485
4979,0,0.215
7795,0,0.235
1794,0,0.055
2963,1,0.57
5764,0,0.105
4602,0,0.32
178,0,0.18
3583,0,0.005
3343,0,0.005
2976,0,0.005
4509,0,0.345
3700,0,0.21
4161,0,0.45
8442,0,0.11
5841,0,0.16
6019,0,0.105
1284,1,0.8
3983,0,0.165
3346,0,0.01
2929,0,0.14
1250,1,0.51
5958,0,0.075
2732,0,0.5
1962,1,0.74
7567,0,0.32
994,0,0.095
366,0,0.415
8487,0,0.32
5493,0,0.195
7730,0,0.41
7199,0,0.045
4749,0,0.21
6550,0,0.135
8341,0,0.12
6943,0,0.14
6479,0,0.08
6234,0,0.18
4937,1,0.64
4259,0,0.06
1745,0,0.33
6928,0,0.005
7562,0,0.285
7507,0,0.06
5974,0,0.005
6149,0,0.495
4115,0,0.32
6402,0,0.02
1683,0,0.17
4454,0,0.005
1435,0,0.035
6904,1,0.97
641,1,0.605
8496,0,0.105
5374,0,0.005
3191,1,0.775
2172,0,0.325
1989,0,0.025
8033,0,0.09
665,1,0.75
5860,0,0.13
4423,0,0.0
7687,0,0.17
7285,0,0.005
4847,0,0.33
2761,0,0.26
2397,0,0.165
6624,0,0.095
5282,0,0.24
2998,1,0.9
2837,1,0.56
6870,0,0.0
189,0,0.285
3182,0,0.255
1525,1,0.95
1838,0,0.08
4552,0,0.47
1772,0,0.26
2175,0,0.01
1021,1,0.585
5639,0,0.0
6357,0,0.05
7094,0,0.215
3188,0,0.3
5176,0,0.01
4861,0,0.285
448,1,0.515
1411,0,0.3
7580,0,0.35
5837,0,0.035
749,0,0.02
1011,0,0.06
6764,0,0.355
4708,0,0.47
8373,0,0.06
7953,0,0.09
2006,0,0.125
4242,1,0.54
4165,0,0.25
3159,0,0.47
3704,0,0.305
4320,0,0.085
4505,0,0.265
8000,1,0.875
1068,0,0.125
8248,0,0.0
6393,0,0.045
5277,0,0.22
8002,0,0.005
998,1,0.62
4178,1,0.97
5375,0,0.0
4295,0,0.31
6199,0,0.2
6205,0,0.24
5921,0,0.415
567,0,0.19
2624,0,0.22
5045,0,0.07
2049,0,0.225
4269,0,0.285
3938,0,0.225
825,0,0.38
1124,0,0.155
414,0,0.27
3852,0,0.48
1206,0,0.15
6594,0,0.155
888,0,0.13
3175,1,0.525
7581,0,0.05
1679,0,0.13
6194,0,0.24
4475,0,0.065
5629,0,0.42
1514,1,0.75
7595,0,0.185
1819,0,0.105
5034,0,0.0
3933,0,0.015
7937,0,0.04
3485,1,0.575
327,0,0.04
2931,0,0.205
853,1,0.565
3260,0,0.11
272,0,0.035
2329,0,0.185
7563,0,0.37
5024,1,0.745
4303,1,0.68
4810,0,0.31
6295,0,0.045
692,1,0.695
5288,0,0.31
3403,0,0.09
1522,0,0.26
8101,0,0.145
2480,0,0.08
7547,0,0.08
469,0,0.025
2835,0,0.19
3666,0,0.16
6425,0,0.305
3516,0,0.045
1304,0,0.075
7301,0,0.115
5334,0,0.18
5737,0,0.07
1366,0,0.405
1097,0,0.295
4935,1,0.765
6673,0,0.305
7132,1,0.59
3905,0,0.215
5701,0,0.185
1644,0,0.495
547,0,0.19
3928,0,0.36
8128,0,0.18
8084,0,0.16
1863,0,0.395
5067,1,0.89
6326,0,0.01
4766,0,0.055
7718,1,0.59
5347,0,0.28
7996,0,0.295
3937,0,0.31
386,0,0.11
1310,0,0.22
809,0,0.305
1040,0,0.155
7287,0,0.035
4084,0,0.13
1191,0,0.23
6361,0,0.185
3675,0,0.055
4051,0,0.435
1120,0,0.245
4135,1,0.58
521,0,0.17
3411,1,0.725
1873,0,0.27
2791,0,0.475
2246,1,0.795
684,0,0.125
3978,0,0.23
5338,0,0.135
4437,0,0.02
5249,0,0.02
6686,0,0.28
5138,0,0.125
3398,0,0.25
7626,0,0.225
1085,0,0.09
5917,0,0.18
2940,0,0.115
7744,0,0.275
3737,0,0.32
2426,0,0.04
5804,0,0.345
7585,0,0.115
328,0,0.16
8182,0,0.4
4662,0,0.105
7800,0,0.01
7527,1,0.6
6470,0,0.335
2601,0,0.0
4198,0,0.375
233,0,0.26
8054,0,0.015
3345,0,0.19
2991,1,0.555
3373,0,0.2
6474,0,0.25
8527,0,0.105
3932,0,0.205
3203,0,0.485
7715,0,0.255
2116,0,0.085
4838,0,0.075
238,0,0.325
3085,0,0.44
709,0,0.435
3174,0,0.49
6129,0,0.315
309,0,0.185
7653,0,0.195
1651,1,0.73
2686,0,0.245
4618,0,0.235
7590,0,0.15
7701,1,0.695
421,1,0.56
1649,0,0.115
7632,0,0.15
5929,1,0.91
3089,1,0.515
2641,0,0.175
8045,0,0.365
4768,0,0.035
3123,0,0.235
2346,0,0.2
7749,0,0.305
5662,0,0.355
1330,0,0.44
8398,0,0.185
7431,0,0.055
7254,0,0.195
6259,1,0.635
7752,0,0.38
1637,0,0.0
6754,0,0.415
226,0,0.33
5038,0,0.1
7140,0,0.01
5682,0,0.17
2916,0,0.125
2925,0,0.055
838,0,0.48
4520,1,0.62
6899,1,0.86
6759,1,0.8
6814,0,0.08
4612,1,0.535
3234,0,0.155
8067,0,0.42
3894,1,0.78
2093,0,0.27
4904,0,0.0
2118,0,0.06
7148,0,0.16
1227,1,0.67
1407,0,0.145
1707,0,0.34
1765,0,0.06
7512,0,0.335
7233,1,0.6
3434,0,0.105
2950,0,0.425
5454,0,0.015
3107,0,0.455
6807,0,0.33
343,0,0.26
3525,0,0.275
6756,0,0.4
2491,0,0.265
6627,0,0.335
7354,0,0.18
4375,0,0.09
3531,1,0.595
3212,0,0.3
8177,1,0.75
7719,0,0.015
618,0,0.045
500,0,0.27
7261,0,0.205
2381,0,0.45
2083,0,0.225
287,0,0.05
4528,0,0.37
1725,0,0.275
6832,0,0.07
3693,0,0.09
7693,0,0.075
1781,0,0.455
2953,1,0.7
5355,1,0.78
5907,0,0.02
5691,0,0.395
7558,0,0.005
5494,0,0.145
2708,0,0.02
3290,0,0.235
5651,0,0.335
3406,0,0.085
3228,1,0.56
696,0,0.055
629,1,0.66
1454,0,0.09
7061,0,0.37
1332,1,0.615
5843,1,0.625
766,0,0.24
271,1,0.74
7034,0,0.09
389,0,0.19
6529,0,0.045
890,0,0.195
2322,0,0.015
5949,0,0.075
496,0,0.03
2457,0,0.115
3687,0,0.14
6380,0,0.24
8226,0,0.03
4053,0,0.355
6260,0,0.43
5874,0,0.31
7370,0,0.015
3949,1,0.555
1877,0,0.165
5880,0,0.0
4003,0,0.08
3910,0,0.19
611,0,0.065
4611,0,0.46
3437,0,0.11
2590,0,0.295
5666,0,0.3
958,1,0.56
3906,0,0.19
4585,0,0.195
6942,0,0.125
4443,0,0.005
3135,0,0.05
7514,0,0.15
6041,0,0.195
6568,0,0.105
1293,1,0.545
1550,0,0.37
4885,0,0.045
5055,0,0.325
2715,0,0.14
6288,1,0.52
7221,0,0.09
674,1,0.675
2096,0,0.165
1233,0,0.11
3310,0,0.15
8544,0,0.325
8572,0,0.095
4901,0,0.15
195,0,0.085
1660,0,0.305
4002,0,0.13
7914,0,0.045
6597,0,0.39
1370,0,0.12
3577,0,0.01
4040,1,0.51
6602,0,0.005
2789,0,0.115
4698,0,0.43
4567,0,0.005
7902,0,0.205
1744,0,0.0
2851,1,0.97
3628,0,0.045
5698,0,0.075
7122,0,0.12
49,0,0.08
2472,0,0.075
6707,0,0.03
7073,0,0.19
5719,0,0.06
1154,0,0.04
2358,0,0.15
5915,0,0.005
6872,0,0.1
7027,0,0.265
3953,0,0.09
3665,0,0.175
1625,1,0.57
2579,0,0.165
7954,0,0.215
1870,0,0.12
3901,0,0.19
2970,0,0.0
4126,0,0.41
2430,0,0.26
4224,0,0.375
1052,1,0.6
4329,0,0.03
2992,0,0.07
1992,1,0.66
663,0,0.205
7192,1,0.735
2016,0,0.22
3745,0,0.26
3257,0,0.125
8015,1,0.825
6596,0,0.16
10,0,0.08
7586,0,0.16
2640,0,0.165
7704,0,0.04
3445,0,0.095
3413,1,0.71
7793,0,0.01
7394,0,0.08
4686,1,0.605
7792,0,0.115
2487,0,0.035
6353,0,0.195
1528,1,0.79
1696,0,0.14
6710,0,0.005
2048,0,0.28
2265,0,0.16
2109,1,0.525
6009,0,0.175
8325,0,0.24
2785,0,0.34
7606,0,0.095
190,0,0.21
7621,0,0.25
4986,0,0.13
1681,0,0.08
7899,0,0.14
5379,0,0.0
5751,0,0.045
6738,0,0.05
1871,0,0.4
678,0,0.46
4100,0,0.14
648,0,0.09
6183,1,0.545
5397,0,0.125
7648,0,0.295
214,0,0.375
3664,0,0.01
7987,0,0.095
5057,0,0.395
2960,1,0.675
1083,0,0.22
1960,1,0.615
3732,0,0.255
6659,0,0.0
6957,0,0.23
4358,0,0.085
4031,0,0.025
7778,1,0.95
3789,1,0.525
1379,0,0.32
3729,0,0.075
1164,0,0.085
8076,0,0.075
6202,0,0.115
2769,0,0.07
6765,0,0.185
5933,1,0.905
6558,0,0.08
8422,0,0.245
4385,0,0.165
1965,0,0.475
1602,0,0.12
4696,0,0.01
732,0,0.09
4883,0,0.06
5934,1,0.895
1396,0,0.31
4933,0,0.09
3602,1,0.67
1555,1,0.735
6735,0,0.2
7467,0,0.02
7191,0,0.375
8511,0,0.365
893,1,0.855
5001,0,0.035
797,1,0.655
6456,0,0.14
7197,0,0.075
6131,0,0.485
2883,0,0.24
6186,0,0.215
2611,0,0.08
4678,0,0.155
7833,0,0.15
6944,0,0.28
7337,0,0.295
7931,0,0.17
7314,0,0.015
1144,0,0.17
2651,0,0.155
218,0,0.16
3768,0,0.165
4797,0,0.06
1511,1,0.955
3589,0,0.01
2638,1,0.73
8052,0,0.005
7339,0,0.17
4337,0,0.1
3599,1,0.85
5552,0,0.325
3128,0,0.14
1902,0,0.105
6845,0,0.185
1749,0,0.5
971,1,0.635
2099,0,0.025
8522,0,0.23
5889,0,0.28
2412,0,0.015
667,1,0.895
7406,0,0.29
2586,0,0.175
834,1,0.505
6585,0,0.155
7352,0,0.175
3157,1,0.65
5192,0,0.1
548,0,0.485
730,0,0.295
4476,0,0.125
2568,0,0.045
7759,0,0.0
1498,0,0.065
2400,0,0.49
6332,0,0.125
2654,0,0.16
4172,1,0.97
7610,0,0.385
6887,0,0.045
1665,0,0.305
2812,0,0.38
7456,0,0.12
2266,1,0.785
6980,0,0.125
174,0,0.26
7283,0,0.19
7303,0,0.205
5086,1,0.54
1774,0,0.35
4159,0,0.305
4459,0,0.0
5407,0,0.015
4391,0,0.065
2003,0,0.45
7959,0,0.085
2832,0,0.435
529,0,0.36
4260,0,0.02
6946,0,0.2
27,0,0.225
3071,0,0.205
8518,0,0.275
562,0,0.35
7040,0,0.115
8356,0,0.15
976,0,0.365
4746,1,0.775
8334,0,0.4
4939,0,0.19
7684,0,0.275
1780,1,0.65
3630,1,0.685
6562,0,0.03
6106,0,0.365
5832,0,0.015
4465,0,0.005
206,0,0.115
5847,0,0.035
8495,0,0.14
3880,0,0.39
1184,0,0.285
8096,0,0.455
5939,1,0.835
5191,0,0.085
5049,0,0.22
5495,0,0.23
4701,0,0.035
3094,0,0.1
7165,0,0.045
3765,0,0.105
3587,0,0.015
151,0,0.375
3691,0,0.015
7949,1,0.62
6448,0,0.035
3317,0,0.22
2249,0,0.475
4968,1,0.59
8440,0,0.2
7868,0,0.09
1891,0,0.0
1445,1,0.73
1028,0,0.31
1350,0,0.24
6378,0,0.01
6488,0,0.2
404,0,0.375
474,0,0.0
2544,0,0.195
2291,0,0.02
97,1,0.79
7207,0,0.13
6867,1,0.58
7042,0,0.225
1495,0,0.12
6543,0,0.33
5101,0,0.005
6787,1,0.82
7405,0,0.0
6632,0,0.435
2749,0,0.33
4052,1,0.685
7603,0,0.02
3769,0,0.37
6704,0,0.06
6426,0,0.19
4908,0,0.02
5599,0,0.12
2135,1,0.71
1848,0,0.34
5989,0,0.375
5965,0,0.065
2904,1,0.585
3571,0,0.475
1211,0,0.05
6476,0,0.0
5365,0,0.265
7928,0,0.125
4217,0,0.005
1938,0,0.185
5813,0,0.005
4780,1,0.69
7641,0,0.15
785,0,0.165
4863,0,0.345
6808,0,0.33
6782,0,0.14
1940,0,0.23
4878,0,0.04
1158,0,0.395
1182,0,0.285
1438,0,0.275
8559,0,0.115
8115,1,0.64
1790,0,0.05
4382,0,0.27
7520,0,0.305
7002,0,0.25
4668,0,0.105
3735,0,0.31
1889,0,0.26
1188,0,0.265
707,0,0.395
2807,1,0.775
7017,1,0.59
7304,0,0.13
3601,1,0.745
1818,0,0.32
2387,0,0.215
4405,0,0.0
1670,0,0.055
4180,1,0.985
5398,0,0.07
5461,0,0.155
7479,0,0.005
4876,0,0.075
1166,1,0.56
3429,0,0.355
4627,0,0.48
7201,0,0.33
3832,0,0.39
8520,0,0.235
6197,0,0.125
8503,0,0.21
5818,0,0.195
7474,0,0.435
5582,0,0.055
2308,0,0.08
5893,0,0.02
7984,0,0.15
651,0,0.085
5973,0,0.005
4035,0,0.13
5171,0,0.035
5328,0,0.19
5069,1,0.855
8317,0,0.005
2787,1,0.55
3008,1,0.86
1856,0,0.355
7133,0,0.16
4458,0,0.0
3621,0,0.415
1862,0,0.095
8179,0,0.16
6986,0,0.115
5717,0,0.33
4193,0,0.085
4029,0,0.095
7885,1,0.645
6715,0,0.05
4964,0,0.01
3503,0,0.295
5364,1,0.6
3524,0,0.21
5591,1,0.71
754,0,0.135
7041,1,0.525
2391,0,0.26
7660,0,0.035
876,0,0.03
6100,1,0.515
5167,0,0.415
4731,0,0.36
6080,0,0.285
5102,1,0.58
4675,0,0.045
1352,1,0.6
2161,0,0.09
1635,0,0.0
3931,0,0.37
1631,0,0.36
7509,1,0.7
1200,0,0.5
4317,0,0.3
7183,0,0.21
200,0,0.335
3619,0,0.09
3172,0,0.14
2939,0,0.4
7724,1,0.61
3997,0,0.1
6293,0,0.04
17,0,0.035
163,0,0.17
